,truth,predict
0,290.3663,411.69852
1,314.53934,424.1059
2,332.96832,433.12943
3,302.943,389.1397
4,279.35324,345.15
5,262.62198,306.80002
6,221.92242,239.12354
7,169.45775,195.13382
8,169.91028,200.77353
9,180.40251,210.925
10,200.18164,254.9147
11,290.44873,269.57794
12,284.82706,254.9147
13,274.2807,230.1
14,290.40836,235.7397
15,319.37952,243.6353
16,302.65704,258.29852
17,266.62808,271.8338
18,226.96054,271.8338
19,213.02994,261.68237
20,227.39204,241.37941
21,243.88014,271.8338
22,255.49693,307.92795
23,258.12653,320.3353
24,247.01256,316.95148
25,248.5453,321.46326
26,281.0229,315.82355
27,306.97403,305.67206
28,307.99997,300.03235
29,277.841,274.08972
30,243.54611,252.65883
31,209.06049,274.08972
32,171.77412,315.82355
33,132.069,353.0456
34,109.804054,328.23087
35,111.02517,316.95148
36,136.97192,279.72943
37,137.54651,268.44998
38,142.46233,281.9853
39,121.26041,272.96176
40,127.72827,283.11325
41,151.09721,276.34558
42,173.73808,234.61177
43,185.75171,230.1
44,178.90208,227.84412
45,170.61649,235.7397
46,178.20184,262.81027
47,182.36346,307.92795
48,198.98477,331.6147
49,227.61607,450.04852
50,259.66223,524.4926
51,264.4243,529.00446
52,291.90378,496.29413
53,314.92133,522.23676
54,284.5076,575.25
55,218.75928,591.04114
56,230.11249,577.5059
57,332.92636,556.075
58,496.18396,519.9809
59,651.61145,475.99118
60,689.4348,426.36176
61,655.30927,257.1706
62,598.0963,291.00882
63,612.48694,281.9853
64,571.92035,270.7059
65,632.3653,488.39853
66,592.84174,536.89996
67,463.7739,473.7353
68,435.72052,572.9941
69,423.26105,487.2706
70,424.33575,459.07205
71,415.5574,430.87354
72,400.7367,426.36176
73,388.669,418.4662
74,349.73468,442.15295
75,256.5533,471.4794
76,126.66636,483.88678
77,74.32839,472.60736
78,60.836758,451.17648
79,62.10204,436.51324
80,65.56649,436.51324
81,69.73872,450.04852
82,85.99884,451.17648
83,81.91621,445.53677
84,64.553474,422.97794
85,57.781723,402.675
86,55.226604,460.2
87,52.8689,455.68823
88,50.516212,428.61765
89,54.520107,442.15295
90,55.71913,384.62793
91,50.613323,359.81323
92,49.99791,450.04852
93,46.543354,541.4118
94,48.56016,558.3309
95,51.692116,545.9235
96,48.183445,482.75882
97,47.545937,489.52646
98,48.261654,478.24707
99,47.71837,459.07205
100,48.85763,447.79263
101,45.933025,435.38528
102,43.50734,322.59116
103,38.086452,164.67941
104,32.720528,21.430883
105,7.2820745,9.02353
106,11.392229,19.175001
107,15.862276,19.175001
108,22.576235,13.535295
109,27.948896,22.558825
110,30.101688,22.558825
111,31.401323,28.19853
112,30.208494,11.279412
113,29.828999,7.8955884
114,29.443464,14.663236
115,28.76173,14.663236
116,28.3494,16.919119
117,27.428297,9.02353
118,26.472834,3.3838236
119,26.210808,20.302942
120,26.171463,15.791177
121,25.984482,16.919119
122,26.26887,10.151471
123,26.427015,16.919119
124,26.779062,10.151471
125,26.65528,23.686766
126,25.44102,19.175001
127,24.604755,21.430883
128,24.647066,18.04706
129,24.589212,19.175001
130,24.231787,15.791177
131,24.252142,16.919119
132,24.37956,42.861767
133,25.061495,19.175001
134,26.80271,23.686766
135,27.11108,27.07059
136,26.714195,24.814707
137,27.222687,18.04706
138,26.216722,25.942648
139,25.088924,20.302942
140,24.964334,28.19853
141,25.410616,34.96618
142,25.960522,73.31618
143,27.749567,86.85147
144,30.697937,93.61912
145,36.201756,92.49118
146,41.470886,86.85147
147,49.279263,92.49118
148,50.03854,92.49118
149,50.071377,90.2353
150,55.66337,98.13088
151,59.36117,84.59559
152,59.36677,94.74706
153,52.5987,101.51471
154,46.077778,120.689705
155,59.036423,119.56177
156,68.40135,129.71323
157,75.08863,142.12059
158,76.22828,129.71323
159,72.973335,124.07353
160,62.02086,144.37648
161,61.19774,151.14412
162,72.43839,166.9353
163,77.27023,180.4706
164,75.4287,191.75
165,79.747955,184.98236
166,78.12312,161.29558
167,74.21475,159.0397
168,62.49272,154.52794
169,49.241535,182.72647
170,41.037354,184.98236
171,37.726673,183.8544
172,39.53382,183.8544
173,43.030914,195.13382
174,43.68719,199.64558
175,49.53186,197.38971
176,60.76216,172.575
177,65.46456,162.42354
178,61.788136,159.0397
179,43.957752,154.52794
180,35.985504,139.86472
181,38.981255,135.35295
182,39.75301,145.50441
183,41.43629,142.12059
184,49.26434,146.63235
185,60.53194,152.27205
186,56.87524,164.67941
187,52.6373,169.19118
188,54.637897,169.19118
189,63.222626,172.575
190,69.44079,173.70294
191,79.722664,165.80734
192,84.41774,180.4706
193,88.798904,186.11029
194,88.534386,190.62206
195,85.40098,205.2853
196,81.12032,196.26176
197,67.13354,194.00589
198,59.35819,168.06323
199,51.400543,159.0397
200,49.638905,92.49118
201,44.86002,33.838238
202,37.51009,33.838238
203,30.25077,28.19853
204,26.758919,23.686766
205,23.161701,29.326471
206,22.964262,15.791177
207,22.629124,32.710297
208,24.708761,18.04706
209,29.677156,33.838238
210,37.791683,25.942648
211,30.035856,15.791177
212,27.455847,18.04706
213,23.489918,15.791177
214,22.088287,13.535295
215,21.286936,15.791177
216,21.31987,20.302942
217,24.513414,21.430883
218,27.049356,22.558825
219,27.553858,20.302942
220,24.25564,12.407353
221,23.715593,10.151471
222,22.632637,12.407353
223,22.368526,22.558825
224,22.309877,16.919119
225,22.316221,15.791177
226,24.649336,15.791177
227,22.708271,28.19853
228,25.14762,30.454412
229,24.941048,21.430883
230,29.830559,21.430883
231,35.689144,14.663236
232,32.12263,10.151471
233,28.484457,19.175001
234,26.174852,18.04706
235,25.19253,9.02353
236,27.340292,14.663236
237,26.417608,30.454412
238,26.307407,73.31618
239,28.453108,91.363235
240,34.566364,143.24852
241,51.94989,127.45735
242,70.151215,137.60883
243,82.954834,146.63235
244,61.198,173.70294
245,55.39362,171.44707
246,54.562145,178.2147
247,61.743286,192.87794
248,67.49642,206.41324
249,77.68839,204.15735
250,86.63051,170.3191
251,97.55615,161.29558
252,106.13958,139.86472
253,104.58543,82.33971
254,103.180176,58.652943
255,103.230156,15.791177
256,87.87071,9.02353
257,76.108635,15.791177
258,70.28901,18.04706
259,57.82889,10.151471
260,44.00187,15.791177
261,41.089462,4.511765
262,34.691444,11.279412
263,31.5362,11.279412
264,27.34131,16.919119
265,27.725536,9.02353
266,24.913383,6.7676473
267,24.996805,16.919119
268,24.290052,14.663236
269,25.687437,11.279412
270,28.544935,18.04706
271,29.777025,16.919119
272,29.735525,10.151471
273,30.127043,4.511765
274,34.25197,11.279412
275,36.571857,9.02353
276,34.251583,16.919119
277,32.565845,12.407353
278,32.501293,24.814707
279,32.15876,33.838238
280,30.21122,39.477943
281,33.993237,59.780884
282,41.51818,67.676476
283,48.457825,67.676476
284,62.632595,71.060295
285,67.181046,71.060295
286,71.9214,74.44412
287,74.190956,104.89853
288,74.318405,150.01617
289,79.093864,194.00589
290,98.75209,301.16028
291,120.25277,367.7088
292,140.87456,486.14264
293,199.83058,498.55
294,260.19333,445.53677
295,285.7224,296.64853
296,287.39716,129.71323
297,271.78946,146.63235
298,229.95216,145.50441
299,139.94493,198.51765
300,171.6821,224.4603
301,157.10973,207.54118
302,188.84773,164.67941
303,223.2413,122.94559
304,211.0653,159.0397
305,179.61673,148.88824
306,136.16797,148.88824
307,162.18881,195.13382
308,156.55559,295.52057
309,182.9728,310.1838
310,170.13995,390.26764
311,188.48402,400.41913
312,158.18642,384.62793
313,148.94891,364.32498
314,130.06499,381.2441
315,118.52789,371.09265
316,96.3053,398.16324
317,100.68849,419.59412
318,99.641846,325.975
319,127.932625,288.75296
320,166.8406,318.0794
321,194.29224,380.11618
322,230.1321,357.55737
323,253.2742,288.75296
324,278.18173,253.78676
325,278.04657,223.33235
326,255.4243,250.40294
327,255.26318,274.08972
328,264.20377,283.11325
329,282.0265,311.31177
330,304.27795,394.77942
331,310.5803,436.51324
332,319.79425,492.9103
333,315.41003,401.54706
334,299.02243,425.23383
335,289.9766,474.86322
336,218.35915,499.67795
337,231.01958,525.62054
338,279.55246,560.58673
339,324.8518,559.45886
340,306.4224,549.3073
341,332.96448,536.89996
342,328.95874,512.0853
343,328.067,508.70148
344,299.42172,499.67795
345,245.62701,488.39853
346,223.7277,471.4794
347,199.868,492.9103
348,198.08076,519.9809
349,211.74925,530.1324
350,222.4511,549.3073
351,232.66682,567.3544
352,220.45227,597.80884
353,206.87077,642.9265
354,201.24329,648.56616
355,172.4286,614.7279
356,127.38759,620.3676
357,125.94244,598.93677
358,134.15355,601.1927
359,138.1666,588.78534
360,115.67384,571.8662
361,115.916565,547.0515
362,126.31041,536.89996
363,117.68891,563.9706
364,85.45113,563.9706
365,60.776493,541.4118
366,58.03912,490.65442
367,57.751953,300.03235
368,46.929626,258.29852
369,45.43253,216.56471
370,20.74885,67.676476
371,10.467642,34.96618
372,19.143648,13.535295
373,21.034689,27.07059
374,23.98627,19.175001
375,28.884228,83.46765
376,36.393993,284.24118
377,52.006336,271.8338
378,53.344364,269.57794
379,145.69102,296.64853
380,141.42903,261.68237
381,99.799614,247.01912
382,67.2322,192.87794
383,52.12055,195.13382
384,40.842316,170.3191
385,32.575764,169.19118
386,33.506134,240.25146
387,33.524364,261.68237
388,30.42574,239.12354
389,34.645203,262.81027
390,37.789177,312.43973
391,45.05739,318.0794
392,67.080185,322.59116
393,97.42263,318.0794
394,116.61482,321.46326
395,106.54065,322.59116
396,100.56585,269.57794
397,99.32932,240.25146
398,93.0511,212.05295
399,77.91613,235.7397
400,78.951744,271.8338
401,85.986145,271.8338
402,86.48618,251.53088
403,85.10294,261.68237
404,93.65968,427.48972
405,139.12253,332.74265
406,186.0256,369.96472
407,255.11928,447.79263
408,203.21147,492.9103
409,204.76631,523.36475
410,290.39072,544.7956
411,322.3106,504.1897
412,324.5345,496.29413
413,223.35016,522.23676
414,138.55757,526.74854
415,121.38671,522.23676
416,114.64043,533.5162
417,114.39945,550.4353
418,95.18507,563.9706
419,81.05517,442.15295
420,64.00747,381.2441
421,58.433258,381.2441
422,47.016582,497.42206
423,53.329597,375.60443
424,39.400352,251.53088
425,38.78699,159.0397
426,44.989548,283.11325
427,49.46915,333.8706
428,43.338417,338.38235
429,55.066513,398.16324
430,51.458572,410.5706
431,44.15981,393.65146
432,22.988102,406.05884
433,49.64502,426.36176
434,53.541553,430.87354
435,50.20129,417.33823
436,46.081856,301.16028
437,42.400047,213.18088
438,44.47529,195.13382
439,43.04807,192.87794
440,43.549458,212.05295
441,39.88846,295.52057
442,38.06044,367.7088
443,41.36513,328.23087
444,40.555614,313.56763
445,43.866695,293.2647
446,39.580875,302.28824
447,35.873417,287.625
448,38.651443,261.68237
449,39.318943,231.22794
450,37.365932,224.4603
451,38.09684,206.41324
452,36.82195,219.94853
453,31.696802,203.02942
454,31.439213,192.87794
455,31.02288,219.94853
456,29.128561,242.50735
457,30.02121,236.86765
458,29.35927,226.71617
459,29.715319,221.07648
460,28.986061,224.4603
461,29.59163,207.54118
462,31.268906,207.54118
463,30.744917,231.22794
464,30.29071,222.2044
465,29.770447,201.90147
466,22.855965,191.75
467,29.426184,201.90147
468,28.756758,189.49413
469,27.333967,190.62206
470,26.58249,200.77353
471,26.945162,188.36617
472,28.441963,233.48383
473,29.658058,254.9147
474,30.866335,253.78676
475,32.407906,265.0662
476,33.903572,275.21765
477,36.594475,250.40294
478,38.392136,248.14706
479,43.878284,242.50735
480,46.266357,240.25146
481,60.897438,250.40294
482,60.890728,233.48383
483,60.294445,251.53088
484,52.05058,256.04266
485,61.853992,258.29852
486,84.97912,254.9147
487,78.80303,245.89117
488,70.43645,241.37941
489,51.246925,232.35588
490,48.227802,221.07648
491,47.893143,215.43677
492,48.788677,212.05295
493,47.60474,206.41324
494,45.048267,204.15735
495,43.685726,172.575
496,45.369637,183.8544
497,46.750328,188.36617
498,53.436813,138.73676
499,53.55257,130.84119
500,52.86538,112.79412
501,52.646168,121.81765
502,56.962364,130.84119
503,51.846684,125.20147
504,56.39334,125.20147
505,51.2812,121.81765
506,48.863823,119.56177
507,62.748566,174.83087
508,83.83917,209.79706
509,124.146614,80.083824
510,130.12108,65.42059
511,130.04303,29.326471
512,136.2951,19.175001
513,112.90136,24.814707
514,59.692215,24.814707
515,53.049984,20.302942
516,51.294323,20.302942
517,54.41474,31.582354
518,69.04792,21.430883
519,64.46134,37.22206
520,67.06963,34.96618
521,54.610912,23.686766
522,54.56045,9.02353
523,46.77736,39.477943
524,57.98082,3.3838236
525,76.768295,13.535295
526,103.70788,20.302942
527,133.06357,25.942648
528,168.48999,15.791177
529,98.78936,19.175001
530,66.664215,9.02353
531,52.770676,19.175001
532,38.423145,15.791177
533,25.280603,13.535295
534,23.182598,14.663236
535,21.57326,9.02353
536,21.216658,12.407353
537,21.461803,10.151471
538,22.057714,7.8955884
539,22.019045,10.151471
540,21.880957,10.151471
541,22.345394,13.535295
542,22.86636,9.02353
543,24.370834,15.791177
544,25.110771,10.151471
545,27.29713,20.302942
546,27.589478,16.919119
547,26.193071,23.686766
548,25.98751,3.3838236
549,28.345615,53.013237
550,31.903122,53.013237
551,34.2782,85.72353
552,40.680225,119.56177
553,39.932037,147.76028
554,59.82212,160.16765
555,78.113464,116.17794
556,92.14129,22.558825
557,94.10911,4.511765
558,100.9793,7.8955884
559,83.9452,9.02353
560,59.50742,6.7676473
561,32.749363,6.7676473
562,28.464096,5.639706
563,26.3127,6.7676473
564,23.970728,9.02353
565,21.851274,5.639706
566,21.028614,11.279412
567,22.107912,13.535295
568,22.417465,11.279412
569,23.755836,6.7676473
570,23.190668,9.02353
571,24.384007,5.639706
572,24.316095,9.02353
573,27.891693,9.02353
574,26.865124,48.501472
575,29.689842,98.13088
576,35.326107,111.666176
577,71.00795,109.41029
578,88.68472,104.89853
579,111.66803,106.026474
580,114.36454,118.43382
581,94.37394,119.56177
582,86.60487,113.92206
583,102.49257,117.305885
584,103.66117,109.41029
585,84.51422,99.25883
586,76.52555,68.80441
587,68.56621,53.013237
588,63.425243,71.060295
589,45.72116,77.82794
590,38.69813,63.164707
591,56.98088,55.26912
592,83.84726,68.80441
593,92.52985,76.700005
594,131.77167,73.31618
595,119.15192,56.39706
596,92.99224,104.89853
597,86.74784,124.07353
598,99.47063,115.05
599,116.92788,104.89853
600,110.52846,125.20147
601,116.26618,111.666176
602,110.17846,47.37353
603,81.77312,39.477943
604,79.69354,23.686766
605,77.49386,22.558825
606,91.63223,15.791177
607,82.07996,29.326471
608,81.57847,25.942648
609,64.39639,32.710297
610,51.888035,18.04706
611,43.268013,31.582354
612,40.903084,28.19853
613,37.347736,33.838238
614,34.557484,31.582354
615,33.813465,25.942648
616,36.781227,43.989708
617,39.862343,91.363235
618,50.325344,101.51471
619,69.24581,104.89853
620,90.11,103.77059
621,107.066216,116.17794
622,113.325714,116.17794
623,107.74994,162.42354
624,122.22149,172.575
625,129.54874,76.700005
626,153.67888,11.279412
627,120.62783,5.639706
628,75.66929,7.8955884
629,59.22962,19.175001
630,38.597073,12.407353
631,32.051987,11.279412
632,32.732426,4.511765
633,30.103294,4.511765
634,26.87357,12.407353
635,29.954674,21.430883
636,26.852985,21.430883
637,27.437956,25.942648
638,29.830484,13.535295
639,32.39133,20.302942
640,35.4599,14.663236
641,37.788963,19.175001
642,35.838707,10.151471
643,34.347015,11.279412
644,30.425404,15.791177
645,27.891243,16.919119
646,33.196163,18.04706
647,31.329275,19.175001
648,33.053425,22.558825
649,33.37638,14.663236
650,35.29323,28.19853
651,39.399837,18.04706
652,39.517708,27.07059
653,46.07491,27.07059
654,43.428078,10.151471
655,53.336422,21.430883
656,49.710396,21.430883
657,47.924072,24.814707
658,49.101597,7.8955884
659,44.789513,11.279412
660,50.49701,28.19853
661,48.640957,32.710297
662,55.575104,30.454412
663,59.24704,31.582354
664,60.58406,19.175001
665,52.064476,10.151471
666,55.803654,21.430883
667,45.145805,22.558825
668,39.575035,11.279412
669,39.70701,30.454412
670,37.669106,28.19853
671,37.073895,37.22206
672,44.146473,53.013237
673,48.673004,56.39706
674,61.45005,46.24559
675,71.011055,25.942648
676,69.83721,29.326471
677,60.648876,49.629414
678,61.50828,37.22206
679,64.05076,39.477943
680,88.2902,50.757355
681,77.530785,24.814707
682,76.720634,28.19853
683,66.92798,38.350002
684,51.30694,24.814707
685,48.138184,33.838238
686,41.409523,33.838238
687,45.03812,39.477943
688,55.04495,56.39706
689,59.998795,47.37353
690,73.00619,64.29265
691,79.717,59.780884
692,84.13131,68.80441
693,88.350296,71.060295
694,80.672165,86.85147
695,81.19879,82.33971
696,79.52171,93.61912
697,87.06349,87.979416
698,84.84215,93.61912
699,85.92338,95.875
700,79.30594,95.875
701,87.27317,94.74706
702,89.66775,103.77059
703,86.59519,95.875
704,87.34656,99.25883
705,92.89415,97.002945
706,86.87835,92.49118
707,92.3074,102.64265
708,93.07444,98.13088
709,95.781494,104.89853
710,98.089714,73.31618
711,97.52685,76.700005
712,102.80682,103.77059
713,97.54975,91.363235
714,101.03585,84.59559
715,111.62859,99.25883
716,104.91166,110.53824
717,108.37757,133.09706
718,108.70879,131.96912
719,106.90018,136.48088
720,121.62834,131.96912
721,120.48966,143.24852
722,136.95605,138.73676
723,136.2088,133.09706
724,145.84625,124.07353
725,142.98572,134.22499
726,145.73752,156.78381
727,144.99284,163.55147
728,134.80472,151.14412
729,138.88112,155.65588
730,149.05098,125.20147
731,140.98544,143.24852
732,136.42204,157.91177
733,130.6573,163.55147
734,141.15337,175.95883
735,139.30782,169.19118
736,144.5381,161.29558
737,155.30151,177.08676
738,164.9105,164.67941
739,195.42953,152.27205
740,193.97133,122.94559
741,177.83647,198.51765
742,159.39673,200.77353
743,146.35161,203.02942
744,173.41808,201.90147
745,166.08246,201.90147
746,185.53279,195.13382
747,167.63054,169.19118
748,168.37317,84.59559
749,168.64742,30.454412
750,139.13666,30.454412
751,91.96573,60.908825
752,69.73842,48.501472
753,70.13687,40.605885
754,88.973274,22.558825
755,92.94775,27.07059
756,99.47867,32.710297
757,81.32603,32.710297
758,84.56754,30.454412
759,77.40216,29.326471
760,65.4216,24.814707
761,56.60045,28.19853
762,48.305553,29.326471
763,47.545376,47.37353
764,53.408573,68.80441
765,53.35183,75.57206
766,79.315704,63.164707
767,84.78927,56.39706
768,105.205505,47.37353
769,92.59525,48.501472
770,68.92392,53.013237
771,57.43829,63.164707
772,63.5734,69.93236
773,73.41338,102.64265
774,77.52108,111.666176
775,87.833275,110.53824
776,118.26073,109.41029
777,134.94571,121.81765
778,122.84264,128.5853
779,79.35197,136.48088
780,104.06827,117.305885
781,144.48819,104.89853
782,160.22095,66.54853
783,117.97519,18.04706
784,116.931435,22.558825
785,85.85442,11.279412
786,69.19437,7.8955884
787,53.25164,13.535295
788,48.69154,12.407353
789,57.98577,19.175001
790,55.79244,11.279412
791,39.405666,11.279412
792,35.619083,11.279412
793,29.464773,7.8955884
794,26.175932,7.8955884
795,26.579988,7.8955884
796,26.820002,11.279412
797,27.126282,6.7676473
798,27.182062,10.151471
799,33.202976,6.7676473
800,38.3772,11.279412
801,42.844173,7.8955884
802,38.486942,5.639706
803,38.451923,7.8955884
804,38.240757,6.7676473
805,38.133152,9.02353
806,38.56098,16.919119
807,44.3475,15.791177
808,44.580746,20.302942
809,56.033653,21.430883
810,50.617542,19.175001
811,55.382553,31.582354
812,52.086594,22.558825
813,53.68862,31.582354
814,55.823334,34.96618
815,53.364353,50.757355
816,59.180634,59.780884
817,57.39368,59.780884
818,76.563644,75.57206
819,78.32963,73.31618
820,91.8988,80.083824
821,100.30558,76.700005
822,105.4424,91.363235
823,109.58826,87.979416
824,113.46209,99.25883
825,143.94708,84.59559
826,148.87589,34.96618
827,151.91348,14.663236
828,133.71281,5.639706
829,77.67647,3.3838236
830,65.914986,6.7676473
831,56.22645,11.279412
832,50.244267,10.151471
833,51.334667,14.663236
834,59.256798,14.663236
835,62.725994,6.7676473
836,65.23879,4.511765
837,60.40383,6.7676473
838,53.440014,5.639706
839,46.620663,9.02353
840,47.226856,14.663236
841,46.045227,7.8955884
842,48.51232,7.8955884
843,49.740776,13.535295
844,45.833614,9.02353
845,41.829674,9.02353
846,37.055584,7.8955884
847,31.25582,12.407353
848,30.06519,10.151471
849,28.794365,12.407353
850,27.946434,9.02353
851,29.250357,14.663236
852,30.830214,16.919119
853,32.953568,13.535295
854,29.74216,19.175001
855,29.013407,13.535295
856,26.954271,25.942648
857,31.238379,23.686766
858,29.17542,22.558825
859,32.296127,31.582354
860,30.990616,49.629414
861,30.513292,60.908825
862,32.734447,76.700005
863,46.74947,87.979416
864,55.91416,85.72353
865,78.431984,53.013237
866,85.63569,41.733826
867,70.91093,30.454412
868,41.072624,23.686766
869,48.859493,22.558825
870,38.580135,18.04706
871,36.912216,18.04706
872,40.140987,14.663236
873,30.392578,11.279412
874,32.654102,9.02353
875,30.091768,11.279412
876,27.388987,10.151471
877,25.358076,10.151471
878,28.318232,19.175001
879,29.491238,23.686766
880,29.442259,21.430883
881,33.39221,23.686766
882,35.13084,27.07059
883,37.291256,36.09412
884,33.064785,45.11765
885,31.657257,50.757355
886,44.275963,50.757355
887,44.941532,57.525
888,50.17762,72.18824
889,51.245758,83.46765
890,60.10202,97.002945
891,63.983685,90.2353
892,61.233753,89.10735
893,59.83884,92.49118
894,59.73432,93.61912
895,60.697826,87.979416
896,67.70281,71.060295
897,66.6562,92.49118
898,57.960056,107.15441
899,45.777313,102.64265
900,56.986732,68.80441
901,79.627045,37.22206
902,79.091415,33.838238
903,49.314236,45.11765
904,37.72499,65.42059
905,47.94527,82.33971
906,73.393005,93.61912
907,57.084282,107.15441
908,78.55222,135.35295
909,85.227646,144.37648
910,100.1393,144.37648
911,114.30805,153.40001
912,121.2688,153.40001
913,135.54308,130.84119
914,153.55296,144.37648
915,161.769,161.29558
916,157.49628,159.0397
917,149.78445,160.16765
918,137.75206,172.575
919,133.6244,183.8544
920,132.13266,196.26176
921,86.09704,215.43677
922,105.291954,231.22794
923,157.90694,214.30882
924,139.5448,181.59853
925,112.723946,174.83087
926,124.678535,177.08676
927,140.57161,178.2147
928,156.05264,175.95883
929,187.04002,166.9353
930,182.81775,180.4706
931,147.75703,186.11029
932,158.69962,190.62206
933,133.40926,217.69264
934,126.73233,234.61177
935,105.04777,221.07648
936,144.71742,234.61177
937,133.9126,253.78676
938,118.90671,262.81027
939,99.29207,280.85733
940,125.71505,291.00882
941,175.01115,294.39267
942,194.56247,296.64853
943,186.20343,349.66174
944,192.78784,328.23087
945,189.29773,325.975
946,210.51984,333.8706
947,211.4147,306.80002
948,222.18634,291.00882
949,201.11147,287.625
950,198.85942,286.49704
951,191.40547,285.3691
952,221.90256,286.49704
953,241.66008,201.90147
954,245.90564,124.07353
955,214.70734,3.3838236
956,195.28224,3.3838236
957,181.16687,4.511765
958,98.96311,12.407353
959,98.23018,11.279412
960,54.045033,12.407353
961,67.773636,10.151471
962,58.117928,9.02353
963,59.702354,10.151471
964,43.6028,10.151471
965,36.502834,13.535295
966,29.351448,10.151471
967,27.041145,3.3838236
968,26.073332,3.3838236
969,27.059689,3.3838236
970,28.207312,6.7676473
971,29.407804,9.02353
972,30.499521,10.151471
973,31.190695,19.175001
974,32.01833,33.838238
975,33.78152,45.11765
976,36.901234,42.861767
977,40.273792,51.885296
978,46.799038,46.24559
979,46.798317,55.26912
980,46.77962,59.780884
981,47.399426,60.908825
982,58.327206,74.44412
983,64.46856,101.51471
984,73.54407,138.73676
985,86.62013,219.94853
986,107.68263,289.8809
987,116.79803,358.68527
988,182.1082,398.16324
989,243.54886,521.1088
990,294.54446,748.95294
991,328.276,655.33386
992,457.54834,417.33823
993,556.1809,535.7721
994,591.7235,639.5426
995,568.49286,747.825
996,616.36774,522.23676
997,662.75867,447.79263
998,686.41205,372.22058
999,468.82678,337.2544
1000,324.65396,292.13675
1001,71.65692,268.44998
1002,84.868256,260.5544
1003,94.60219,267.32205
1004,145.38702,260.5544
1005,171.26292,272.96176
1006,207.69351,275.21765
1007,264.62946,272.96176
1008,294.12964,291.00882
1009,309.82245,301.16028
1010,289.69797,305.67206
1011,279.04028,322.59116
1012,218.44466,330.4868
1013,169.08682,294.39267
1014,110.05408,201.90147
1015,82.14269,18.04706
1016,48.99262,3.3838236
1017,35.977207,5.639706
1018,28.92187,11.279412
1019,24.531363,12.407353
1020,28.716927,12.407353
1021,30.566015,11.279412
1022,30.100254,11.279412
1023,28.005278,10.151471
1024,28.468428,13.535295
1025,27.856373,13.535295
1026,27.071787,14.663236
1027,26.77224,14.663236
1028,26.298899,16.919119
1029,26.894274,13.535295
1030,27.013218,13.535295
1031,27.718851,16.919119
1032,28.048616,11.279412
1033,27.868008,15.791177
1034,28.191944,11.279412
1035,28.194927,12.407353
1036,28.323591,9.02353
1037,26.922201,12.407353
1038,26.315517,7.8955884
1039,25.681517,6.7676473
1040,24.945642,6.7676473
1041,24.408367,11.279412
1042,24.071854,7.8955884
1043,23.986254,11.279412
1044,23.97703,10.151471
1045,23.927113,7.8955884
1046,24.436518,15.791177
1047,24.923481,15.791177
1048,24.880411,5.639706
1049,25.650446,10.151471
1050,25.028334,15.791177
1051,24.901411,13.535295
1052,26.319803,10.151471
1053,29.622782,75.57206
1054,32.864628,127.45735
1055,34.911343,73.31618
1056,41.525417,71.060295
1057,43.39481,69.93236
1058,39.89017,81.21177
1059,36.226864,89.10735
1060,38.69315,93.61912
1061,42.823944,103.77059
1062,48.61067,109.41029
1063,50.178513,116.17794
1064,54.04719,117.305885
1065,62.502506,124.07353
1066,63.75991,129.71323
1067,67.09877,130.84119
1068,68.435135,112.79412
1069,76.60816,80.083824
1070,84.43756,76.700005
1071,85.642204,75.57206
1072,94.99233,117.305885
1073,81.5061,110.53824
1074,72.52769,113.92206
1075,77.759,100.386765
1076,64.035034,92.49118
1077,78.74905,84.59559
1078,64.079346,97.002945
1079,64.14502,116.17794
1080,61.2004,125.20147
1081,66.481316,97.002945
1082,63.85076,16.919119
1083,73.82017,12.407353
1084,71.68683,6.7676473
1085,50.821323,9.02353
1086,37.833866,13.535295
1087,33.694534,12.407353
1088,33.19989,7.8955884
1089,33.081436,9.02353
1090,29.284466,9.02353
1091,26.486526,9.02353
1092,24.716402,3.3838236
1093,23.679409,5.639706
1094,24.494783,3.3838236
1095,25.82513,3.3838236
1096,28.21734,13.535295
1097,26.860683,15.791177
1098,25.868853,13.535295
1099,24.885462,16.919119
1100,23.821068,18.04706
1101,23.74356,28.19853
1102,23.934372,63.164707
1103,23.916811,73.31618
1104,25.894346,102.64265
1105,30.853123,179.34264
1106,36.107567,173.70294
1107,49.75026,207.54118
1108,73.84455,212.05295
1109,73.92499,150.01617
1110,75.745964,91.363235
1111,74.97697,106.026474
1112,61.44437,108.28236
1113,49.89171,76.700005
1114,76.69827,51.885296
1115,86.5022,49.629414
1116,94.21888,33.838238
1117,78.43185,33.838238
1118,65.70002,56.39706
1119,50.182983,65.42059
1120,43.369698,72.18824
1121,47.84899,69.93236
1122,52.385708,68.80441
1123,58.1007,80.083824
1124,59.835255,84.59559
1125,59.404728,98.13088
1126,64.12768,118.43382
1127,65.50165,140.99265
1128,70.891235,169.19118
1129,88.28155,165.80734
1130,107.52786,162.42354
1131,117.90166,166.9353
1132,110.34631,168.06323
1133,119.12399,159.0397
1134,130.02473,135.35295
1135,138.33989,150.01617
1136,133.35922,175.95883
1137,130.87976,148.88824
1138,128.3486,101.51471
1139,123.84311,98.13088
1140,106.85195,97.002945
1141,88.77233,99.25883
1142,81.405426,99.25883
1143,82.5229,83.46765
1144,91.88043,94.74706
1145,88.14025,128.5853
1146,81.90769,136.48088
1147,91.081665,148.88824
1148,101.485016,224.4603
1149,97.90382,254.9147
1150,110.0887,271.8338
1151,154.72054,286.49704
1152,176.13765,321.46326
1153,200.47632,366.5809
1154,204.66399,380.11618
1155,179.34737,362.06912
1156,136.41273,362.06912
1157,160.9694,333.8706
1158,165.99814,265.0662
1159,157.2438,286.49704
1160,108.75453,307.92795
1161,108.590836,333.8706
1162,127.398834,345.15
1163,86.82967,355.30145
1164,108.02189,364.32498
1165,82.68089,356.4294
1166,144.14548,334.99854
1167,122.70019,311.31177
1168,192.22911,319.20734
1169,137.74063,309.05588
1170,123.01031,350.7897
1171,105.75958,358.68527
1172,124.47591,384.62793
1173,109.5646,390.26764
1174,115.09303,411.69852
1175,109.74559,384.62793
1176,142.55142,223.33235
1177,146.6188,28.19853
1178,70.9236,20.302942
1179,47.55412,11.279412
1180,25.028563,14.663236
1181,23.005503,27.07059
1182,26.04815,25.942648
1183,28.625082,16.919119
1184,30.537764,25.942648
1185,37.085506,25.942648
1186,41.555096,18.04706
1187,38.597107,14.663236
1188,34.654884,5.639706
1189,32.03272,6.7676473
1190,27.351654,12.407353
1191,25.638647,6.7676473
1192,25.71677,3.3838236
1193,26.975906,7.8955884
1194,29.25851,9.02353
1195,30.55408,12.407353
1196,29.786179,11.279412
1197,28.679771,22.558825
1198,28.00431,15.791177
1199,28.382996,9.02353
1200,29.817495,4.511765
1201,31.043522,4.511765
1202,30.653141,7.8955884
1203,27.909164,9.02353
1204,27.073381,4.511765
1205,27.12711,11.279412
1206,29.176712,4.511765
1207,29.04315,5.639706
1208,29.869413,3.3838236
1209,28.306929,5.639706
1210,28.60935,4.511765
1211,27.619337,3.3838236
1212,27.36115,4.511765
1213,27.545223,6.7676473
1214,28.1141,9.02353
1215,27.915363,6.7676473
1216,26.723448,5.639706
1217,26.34512,3.3838236
1218,26.349028,3.3838236
1219,27.236246,4.511765
1220,26.978872,5.639706
1221,25.958069,16.919119
1222,24.033543,19.175001
1223,24.322083,29.326471
1224,26.008192,39.477943
1225,29.220377,40.605885
1226,34.2594,47.37353
1227,42.149563,43.989708
1228,50.219967,50.757355
1229,61.052372,75.57206
1230,65.872314,75.57206
1231,79.803764,77.82794
1232,92.25791,91.363235
1233,91.991844,85.72353
1234,89.84608,86.85147
1235,90.02755,84.59559
1236,90.224075,92.49118
1237,98.87038,92.49118
1238,113.950554,90.2353
1239,105.30113,46.24559
1240,110.58557,39.477943
1241,86.13625,45.11765
1242,61.237556,60.908825
1243,57.05596,51.885296
1244,50.158077,53.013237
1245,62.34788,101.51471
1246,76.48271,106.026474
1247,87.324066,140.99265
1248,110.96473,124.07353
1249,121.92857,122.94559
1250,155.23099,118.43382
1251,164.43115,128.5853
1252,165.79922,121.81765
1253,146.87372,119.56177
1254,140.12334,119.56177
1255,136.33902,111.666176
1256,136.04373,108.28236
1257,117.929535,60.908825
1258,105.09469,24.814707
1259,108.79999,16.919119
1260,70.759384,14.663236
1261,53.29675,9.02353
1262,39.605885,9.02353
1263,31.416948,10.151471
1264,33.438828,15.791177
1265,33.376816,12.407353
1266,31.48822,16.919119
1267,30.478474,14.663236
1268,32.38285,14.663236
1269,35.78441,9.02353
1270,37.0905,14.663236
1271,33.82014,13.535295
1272,31.119331,11.279412
1273,30.458416,11.279412
1274,34.06748,11.279412
1275,35.70663,10.151471
1276,34.122433,10.151471
1277,35.1422,6.7676473
1278,36.00531,7.8955884
1279,35.06862,6.7676473
1280,32.982494,5.639706
1281,33.37853,7.8955884
1282,32.439014,6.7676473
1283,30.708893,6.7676473
1284,30.135895,7.8955884
1285,30.220837,3.3838236
1286,30.408007,5.639706
1287,30.829094,14.663236
1288,29.512503,3.3838236
1289,29.676105,10.151471
1290,30.132055,9.02353
1291,30.37153,6.7676473
1292,33.164482,11.279412
1293,31.379152,3.3838236
1294,31.898232,7.8955884
1295,43.810352,10.151471
1296,37.11296,9.02353
1297,39.937946,6.7676473
1298,35.30517,4.511765
1299,32.65066,3.3838236
1300,35.201496,9.02353
1301,35.030003,3.3838236
1302,35.78354,7.8955884
1303,32.792896,6.7676473
1304,29.13295,3.3838236
1305,28.723871,4.511765
1306,27.6065,4.511765
1307,28.272331,3.3838236
1308,28.55053,6.7676473
1309,29.00032,4.511765
1310,30.361382,7.8955884
1311,33.933758,3.3838236
1312,32.151524,9.02353
1313,35.747135,6.7676473
1314,32.90542,4.511765
1315,36.12926,3.3838236
1316,36.046444,5.639706
1317,37.584423,6.7676473
1318,38.13756,7.8955884
1319,39.686493,11.279412
1320,39.05414,12.407353
1321,39.91791,14.663236
1322,38.248596,12.407353
1323,37.67099,15.791177
1324,36.122437,12.407353
1325,37.84213,25.942648
1326,39.47903,13.535295
1327,43.525192,10.151471
1328,51.93758,14.663236
1329,46.938065,11.279412
1330,49.080887,18.04706
1331,51.824238,19.175001
1332,53.58346,18.04706
1333,64.52296,23.686766
1334,67.460396,23.686766
1335,53.816963,16.919119
1336,50.345024,18.04706
1337,36.35926,18.04706
1338,38.59342,12.407353
1339,44.314228,12.407353
1340,50.29549,25.942648
1341,47.97307,54.14118
1342,56.54663,49.629414
1343,48.613422,66.54853
1344,65.68855,116.17794
1345,81.271065,180.4706
1346,121.325226,319.20734
1347,199.08734,244.76323
1348,282.80383,190.62206
1349,506.3885,228.97206
1350,239.5165,188.36617
1351,128.27661,133.09706
1352,172.79283,64.29265
1353,149.31824,50.757355
1354,149.74336,76.700005
1355,86.75925,32.710297
1356,99.347565,89.10735
1357,132.26314,142.12059
1358,132.24652,129.71323
1359,165.7961,131.96912
1360,164.23079,121.81765
1361,182.30312,118.43382
1362,183.47794,108.28236
1363,178.16522,111.666176
1364,150.93858,102.64265
1365,129.2172,101.51471
1366,130.65723,129.71323
1367,137.41718,112.79412
1368,162.47217,124.07353
1369,156.20576,153.40001
1370,125.348175,161.29558
1371,150.09296,154.52794
1372,156.57324,164.67941
1373,134.8972,190.62206
1374,114.72533,213.18088
1375,129.22078,228.97206
1376,129.14491,222.2044
1377,173.12956,195.13382
1378,205.77641,170.3191
1379,199.31969,135.35295
1380,167.59946,117.305885
1381,202.10565,92.49118
1382,146.72607,68.80441
1383,94.62766,46.24559
1384,114.79478,27.07059
1385,92.05535,18.04706
1386,66.22804,19.175001
1387,64.5071,13.535295
1388,48.667538,16.919119
1389,49.06428,22.558825
1390,45.140354,24.814707
1391,48.80621,27.07059
1392,48.647823,83.46765
1393,58.587814,121.81765
1394,79.63478,156.78381
1395,104.55071,203.02942
1396,135.49867,194.00589
1397,196.87341,162.42354
1398,239.41185,133.09706
1399,208.13208,164.67941
1400,136.81125,169.19118
1401,97.02794,165.80734
1402,134.88217,170.3191
1403,125.35715,204.15735
1404,111.97653,200.77353
1405,80.37629,194.00589
1406,114.989296,180.4706
1407,130.06259,181.59853
1408,64.46995,188.36617
1409,71.85025,214.30882
1410,122.23437,230.1
1411,111.143814,254.9147
1412,99.54274,253.78676
1413,144.40698,241.37941
1414,183.60675,225.58824
1415,179.48381,231.22794
1416,157.42375,233.48383
1417,161.47614,243.6353
1418,174.62279,244.76323
1419,169.56999,272.96176
1420,143.94832,262.81027
1421,155.39328,262.81027
1422,169.98358,256.04266
1423,144.23067,254.9147
1424,145.68803,253.78676
1425,94.76883,253.78676
1426,99.78545,260.5544
1427,176.91866,257.1706
1428,212.11952,259.42645
1429,222.40608,267.32205
1430,235.77637,3.3838236
1431,274.85236,3.3838236
1432,288.4162,173.70294
1433,225.75145,269.57794
1434,194.15607,271.8338
1435,147.63225,287.625
1436,182.0257,279.72943
1437,235.8399,291.00882
1438,278.30493,301.16028
1439,296.68512,302.28824
1440,326.5413,322.59116
1441,327.94846,309.05588
1442,315.75595,289.8809
1443,330.13315,280.85733
1444,340.81317,301.16028
1445,323.80768,295.52057
1446,320.47147,295.52057
1447,326.9695,292.13675
1448,338.2491,293.2647
1449,311.85757,284.24118
1450,288.53244,281.9853
1451,304.34027,269.57794
1452,264.1524,254.9147
1453,275.21185,208.66911
1454,271.09494,116.17794
1455,283.47473,54.14118
1456,239.0148,27.07059
1457,207.00932,15.791177
1458,146.08775,19.175001
1459,83.23587,11.279412
1460,71.95847,10.151471
1461,63.95999,12.407353
1462,52.11767,10.151471
1463,46.740623,16.919119
1464,40.6034,6.7676473
1465,33.331875,9.02353
1466,29.99447,11.279412
1467,26.592224,7.8955884
1468,26.086197,4.511765
1469,26.754353,5.639706
1470,26.8816,4.511765
1471,27.801226,9.02353
1472,28.310087,10.151471
1473,28.749792,9.02353
1474,28.510973,10.151471
1475,25.934387,12.407353
1476,25.763945,16.919119
1477,24.99756,9.02353
1478,25.606684,6.7676473
1479,24.859335,3.3838236
1480,24.360525,4.511765
1481,23.878922,6.7676473
1482,23.45846,11.279412
1483,23.51856,14.663236
1484,24.76668,23.686766
1485,29.429583,41.733826
1486,34.742764,59.780884
1487,41.22549,75.57206
1488,56.946354,66.54853
1489,64.97386,65.42059
1490,71.01988,65.42059
1491,64.74049,60.908825
1492,62.81194,68.80441
1493,70.03721,84.59559
1494,66.57395,93.61912
1495,68.619194,108.28236
1496,71.72656,120.689705
1497,66.17346,84.59559
1498,62.989983,85.72353
1499,68.95498,85.72353
1500,56.070683,77.82794
1501,47.228683,84.59559
1502,42.835453,90.2353
1503,45.222977,93.61912
1504,55.31814,95.875
1505,66.40054,98.13088
1506,82.69292,113.92206
1507,95.00539,110.53824
1508,105.597206,110.53824
1509,107.28892,89.10735
1510,102.362686,71.060295
1511,93.28527,85.72353
1512,95.874084,112.79412
1513,102.738266,131.96912
1514,115.23238,128.5853
1515,125.79196,124.07353
1516,129.23178,138.73676
1517,105.7564,146.63235
1518,96.97671,155.65588
1519,86.651344,164.67941
1520,104.342865,164.67941
1521,118.38226,180.4706
1522,123.17993,184.98236
1523,135.25128,182.72647
1524,148.20839,173.70294
1525,152.4921,168.06323
1526,146.41486,181.59853
1527,138.6105,190.62206
1528,115.78725,196.26176
1529,104.34371,204.15735
1530,111.25205,148.88824
1531,138.54578,107.15441
1532,144.99771,25.942648
1533,126.66344,15.791177
1534,96.53305,14.663236
1535,72.92082,7.8955884
1536,63.003666,13.535295
1537,55.00315,12.407353
1538,53.089504,5.639706
1539,48.4768,6.7676473
1540,39.508312,4.511765
1541,35.982372,4.511765
1542,31.87927,5.639706
1543,27.079313,3.3838236
1544,26.87992,3.3838236
1545,26.194647,9.02353
1546,26.259468,9.02353
1547,26.744312,7.8955884
1548,26.751736,7.8955884
1549,25.853846,10.151471
1550,25.664219,12.407353
1551,25.271427,5.639706
1552,24.314768,12.407353
1553,23.902512,10.151471
1554,24.191465,13.535295
1555,26.27443,12.407353
1556,26.161554,12.407353
1557,27.982801,12.407353
1558,28.07651,12.407353
1559,29.104473,12.407353
1560,29.975807,12.407353
1561,31.127481,19.175001
1562,33.705963,21.430883
1563,35.39272,40.605885
1564,39.4348,40.605885
1565,39.601562,46.24559
1566,41.101334,55.26912
1567,41.918934,47.37353
1568,44.227837,71.060295
1569,47.99155,80.083824
1570,52.19004,109.41029
1571,60.197605,92.49118
1572,57.540993,89.10735
1573,67.280846,78.95589
1574,58.556385,77.82794
1575,61.38058,71.060295
1576,53.82072,78.95589
1577,61.437283,49.629414
1578,67.815,43.989708
1579,62.584328,27.07059
1580,44.645927,28.19853
1581,42.810364,29.326471
1582,31.462938,24.814707
1583,35.057648,37.22206
1584,48.52631,51.885296
1585,56.69233,76.700005
1586,75.442635,69.93236
1587,88.09009,55.26912
1588,99.385704,68.80441
1589,103.65877,81.21177
1590,109.87676,94.74706
1591,107.837685,92.49118
1592,107.6128,100.386765
1593,118.58413,104.89853
1594,124.06073,102.64265
1595,124.755585,100.386765
1596,117.53954,106.026474
1597,112.66572,112.79412
1598,108.394066,130.84119
1599,106.80966,144.37648
1600,113.70644,137.60883
1601,123.7149,151.14412
1602,100.32182,188.36617
1603,120.548065,166.9353
1604,138.99269,137.60883
1605,146.4189,73.31618
1606,140.35951,11.279412
1607,104.88285,13.535295
1608,65.854965,11.279412
1609,47.272354,9.02353
1610,44.612076,7.8955884
1611,36.916092,16.919119
1612,33.135212,13.535295
1613,29.690432,20.302942
1614,28.35356,18.04706
1615,29.521553,13.535295
1616,34.219727,11.279412
1617,30.580713,15.791177
1618,29.968927,18.04706
1619,29.56695,14.663236
1620,28.468473,18.04706
1621,30.572783,20.302942
1622,33.337086,18.04706
1623,36.331318,14.663236
1624,37.96505,4.511765
1625,36.832237,18.04706
1626,34.94075,12.407353
1627,31.658869,28.19853
1628,33.049927,33.838238
1629,31.721193,30.454412
1630,38.390835,43.989708
1631,36.64401,16.919119
1632,40.357525,40.605885
1633,43.353413,42.861767
1634,42.39888,51.885296
1635,47.30597,51.885296
1636,57.324398,51.885296
1637,70.09552,72.18824
1638,80.646484,82.33971
1639,77.707924,77.82794
1640,89.04431,82.33971
1641,84.425934,72.18824
1642,79.87787,46.24559
1643,82.93674,20.302942
1644,55.95524,33.838238
1645,46.00072,22.558825
1646,45.53897,19.175001
1647,50.539734,7.8955884
1648,40.590233,13.535295
1649,38.500324,11.279412
1650,31.486826,24.814707
1651,31.80258,30.454412
1652,33.46852,23.686766
1653,36.60036,19.175001
1654,34.888702,16.919119
1655,35.52885,14.663236
1656,37.385,21.430883
1657,37.375626,14.663236
1658,43.663395,11.279412
1659,41.65597,20.302942
1660,42.547825,6.7676473
1661,41.15967,6.7676473
1662,43.030674,3.3838236
1663,39.94692,4.511765
1664,36.277473,10.151471
1665,31.5845,5.639706
1666,29.680054,5.639706
1667,29.690374,7.8955884
1668,28.434244,9.02353
1669,29.89282,5.639706
1670,29.690952,13.535295
1671,30.412487,6.7676473
1672,29.02595,13.535295
1673,30.282469,24.814707
1674,29.025167,10.151471
1675,30.561165,6.7676473
1676,32.121593,12.407353
1677,31.934713,13.535295
1678,31.786911,6.7676473
1679,31.75051,11.279412
1680,31.676744,23.686766
1681,33.067665,15.791177
1682,34.83152,23.686766
1683,40.41085,18.04706
1684,38.245934,19.175001
1685,39.34301,19.175001
1686,39.491707,28.19853
1687,50.376705,27.07059
1688,54.696518,15.791177
1689,58.279934,24.814707
1690,51.31182,29.326471
1691,39.580006,23.686766
1692,49.531414,30.454412
1693,43.189907,29.326471
1694,49.608963,27.07059
1695,56.2518,25.942648
1696,48.10088,22.558825
1697,38.247593,28.19853
1698,37.691242,24.814707
1699,36.13797,28.19853
1700,34.467354,34.96618
1701,36.299145,36.09412
1702,43.600636,29.326471
1703,48.4709,41.733826
1704,48.289898,40.605885
1705,49.45838,54.14118
1706,57.739037,64.29265
1707,56.38492,63.164707
1708,72.48807,60.908825
1709,78.28223,59.780884
1710,85.895325,58.652943
1711,62.943546,68.80441
1712,69.840866,80.083824
1713,72.950935,104.89853
1714,80.80024,101.51471
1715,90.34375,84.59559
1716,95.25164,84.59559
1717,82.83974,83.46765
1718,92.25016,73.31618
1719,92.058266,74.44412
1720,74.23011,117.305885
1721,67.21831,117.305885
1722,76.688866,134.22499
1723,96.27556,118.43382
1724,106.251564,76.700005
1725,116.42386,54.14118
1726,86.31408,65.42059
1727,66.107765,63.164707
1728,65.6109,65.42059
1729,71.90565,73.31618
1730,79.822556,82.33971
1731,100.14911,34.96618
1732,100.41745,12.407353
1733,70.82602,12.407353
1734,54.514874,15.791177
1735,47.88495,11.279412
1736,33.987156,13.535295
1737,33.60134,11.279412
1738,36.972553,14.663236
1739,42.740784,9.02353
1740,39.838215,6.7676473
1741,34.82337,12.407353
1742,28.690783,7.8955884
1743,26.355251,4.511765
1744,24.57356,13.535295
1745,23.583385,3.3838236
1746,23.092897,3.3838236
1747,22.414436,9.02353
1748,22.588617,9.02353
1749,23.06889,12.407353
1750,23.780014,11.279412
1751,23.970762,14.663236
1752,25.91493,22.558825
1753,29.304657,18.04706
1754,33.089382,12.407353
